{"archetype_names": ["WU", "WB", "WR", "WG", "UB", "UR", "UG", "BR", "BG", "RG"],
 "values": {
 "Cavalier of Dawn": [1.5, 1.5, 1.5, 1.5, 0, 0, 0, 0, 0, 0],
 "Cavalier of Flame": [0, 0, 1.5, 0, 0, 1.5, 0, 1.5, 0, 1.5],
 "Cavalier of Gales": [1.5, 0, 0, 0, 1.5, 1.5, 1.5, 0, 0, 0],
 "Cavalier of Night": [0, 1.5, 0, 0, 1.5, 0, 0, 1.5, 1.5, 0],
 "Cavalier of Thorns": [0, 0, 0, 1.5, 0, 0, 1.5, 0, 1.5, 1.5],

 "Ancestral Blade": [1.25, 1.25, 1.25, 1.25, 0, 0, 0, 0, 0, 0],
 "Fencing Ace": [1.25, 1.25, 1.25, 1.25, 0, 0, 0, 0, 0, 0],
 "Pacifism": [1.0, 1.0, 1.0, 1.0, 0, 0, 0, 0, 0, 0],
 "Raise the Alarm": [1.0, 1.0, 1.0, 1.0, 0, 0, 0, 0, 0, 0],
 "Griffin Protector": [1.0, 1.0, 1.0, 1.0, 0, 0, 0, 0, 0, 0],
 "Inspiring Captain": [1.0, 1.0, 1.0, 1.0, 0, 0, 0, 0, 0, 0],

 "Air Elemental": [1.25, 0, 0, 0, 1.25, 1.25, 1.25, 0, 0, 0],
 "Renowned Weaponsmith": [1.25, 0, 0, 0, 1.25, 1.25, 1.25, 0, 0, 0],
 "Cloudkin Seer": [1.0, 0, 0, 0, 1.0, 1.0, 1.0, 0, 0, 0],
 "Frost Lynx": [1.0, 0, 0, 0, 1.0, 1.0, 1.0, 0, 0, 0],
 "Metropolis Sprite": [1.0, 0, 0, 0, 1.0, 1.0, 1.0, 0, 0, 0],
 "Winged Words": [1.0, 0, 0, 0, 1.0, 1.0, 1.0, 0, 0, 0],

 "Blood for Bones": [0, 1.25, 0, 0, 1.25, 0, 0, 1.25, 1.25, 0],
 "Vampire of the Dire Moon": [0, 1.25, 0, 0, 1.25, 0, 0, 1.25, 1.25, 0],
 "Murder": [0, 1.0, 0, 0, 1.0, 0, 0, 1.0, 1.0, 0],
 "Sanitarium Skeleton": [0, 1.0, 0, 0, 1.0, 0, 0, 1.0, 1.0, 0],
 "Audacious Thief": [0, 1.0, 0, 0, 1.0, 0, 0, 1.0, 1.0, 0],
 "Gorging Vulture": [0, 1.0, 0, 0, 1.0, 0, 0, 1.0, 1.0, 0],

 "Chandra, Novice Pyromancer": [0, 0, 1.25, 0, 0, 1.25, 0, 1.25, 0, 1.25],
 "Flame Sweep": [0, 0, 1.25, 0, 0, 1.25, 0, 1.25, 0, 1.25],
 "Shock": [0, 0, 1.0, 0, 0, 1.0, 0, 1.0, 0, 1.0],
 "Goblin Smuggler": [0, 0, 1.0, 0, 0, 1.0, 0, 1.0, 0, 1.0],
 "Lavakin Brawler": [0, 0, 1.0, 0, 0, 1.0, 0, 1.0, 0, 1.0],
 "Pack Mastiff": [0, 0, 1.0, 0, 0, 1.0, 0, 1.0, 0, 1.0],

 "Thrashing Brontodon": [0, 0, 0, 1.25, 0, 0, 1.25, 0, 1.25, 1.25],
 "Barkhide Troll": [0, 0, 0, 1.25, 0, 0, 1.25, 0, 1.25, 1.25],
 "Rabid Bite": [0, 0, 0, 1.0, 0, 0, 1.0, 0, 1.0, 1.0],
 "Leafkin Druid": [0, 0, 0, 1.0, 0, 0, 1.0, 0, 1.0, 1.0],
 "Mammoth Spider": [0, 0, 0, 1.0, 0, 0, 1.0, 0, 1.0, 1.0],
 "Netcaster Spider": [0, 0, 0, 1.0, 0, 0, 1.0, 0, 1.0, 1.0],

 "Heart-Piercer Bow": [0.3333333333333333, 0.3333333333333333, 0.3333333333333333, 0.3333333333333333, 0.3333333333333333, 0.3333333333333333, 0.3333333333333333, 0.3333333333333333, 0.3333333333333333, 0.3333333333333333],
 "Meteor Golem": [0.5833333333333333, 0.5833333333333333, 0.5833333333333333, 0.5833333333333333, 0.5833333333333333, 0.5833333333333333, 0.5833333333333333, 0.5833333333333333, 0.5833333333333333, 0.5833333333333333],
 "Bag of Holding": [0.8333333333333333, 0.8333333333333333, 0.8333333333333333, 0.8333333333333333, 0.8333333333333333, 0.8333333333333333, 0.8333333333333333, 0.8333333333333333, 0.8333333333333333, 0.8333333333333333]}}
